Symptom_ID,Tip1,Tip2,Tip3,Tip4,
1,Drink plenty of water.,Avoid spicy foods.,Rest and relax.,Apply a warm compress.,
2,Wash your face gently.,Avoid touching your face.,Use oil-free products.,Stay hydrated.,
3,Take an antihistamine.,Avoid known allergens.,Apply a cool compress.,Stay hydrated.,
4,Include iron-rich foods.,Avoid caffeine with meals.,Take iron supplements as prescribed.,Get regular exercise.,
5,Practice deep breathing.,Exercise regularly.,Avoid caffeine.,Talk to someone you trust.,
6,Use heat or cold therapy.,Exercise regularly.,Maintain a healthy weight.,Take prescribed medications.,
7,Use your inhaler as prescribed.,Avoid triggers.,Stay active with light exercises.,Keep your living space clean.,
8,Apply a cold or warm compress.,Do gentle stretches.,Maintain good posture.,Avoid heavy lifting.,
9,Drink water.,Avoid carbonated drinks.,Eat smaller meals.,Include probiotics in your diet.,
10,Rest your eyes.,Ensure proper lighting.,Use lubricating eye drops.,Schedule an eye exam.,
11,Take a warm bath.,Use over-the-counter pain relievers.,Rest and sleep.,Stay hydrated.,
12,Get enough sleep.,Stay hydrated.,Take breaks from mental tasks.,Exercise regularly.,
13,Sit up straight.,Use a prescribed inhaler.,Avoid smoke and pollutants.,Practice deep breathing exercises.,
14,Drink warm fluids.,Use a humidifier.,Avoid smoking.,Rest and take it easy.,
15,Apply a cold compress.,Elevate the affected area.,Avoid heavy activities.,Use over-the-counter pain relievers.,
16,Avoid spicy foods.,Apply a cool compress.,Use soothing creams.,Stay hydrated.,
17,Rinse with salt water.,Avoid spicy and acidic foods.,Apply topical ointment.,Use over-the-counter pain relief.,
18,Sit or lie down.,Take deep breaths.,Avoid strenuous activities.,Seek medical help if necessary.,
19,Dress warmly.,Drink warm beverages.,Rest in a warm place.,Stay hydrated.,
20,Follow your pain management plan.,Practice gentle exercises.,Use heat or cold therapy.,Consult your healthcare provider.,
21,Keep feet warm.,Wear warm socks.,Stay active.,Avoid cold environments.,
22,Keep hands warm.,Wear gloves.,Stay active.,Avoid cold environments.,
23,Soothing techniques for babies.,Ensure proper feeding positions.,Burp the baby frequently.,Consult a pediatrician.,
24,Take regular breaks.,Stay hydrated.,Get enough sleep.,Minimize distractions.,
25,Drink plenty of water.,Eat high-fiber foods.,Exercise regularly.,Use stool softeners if needed.,
26,Seek immediate medical help.,Ensure safety during convulsions.,Stay calm and follow emergency protocols.,Avoid restraining the person.,
27,Seek medical attention.,Avoid smoking.,Stay hydrated.,Rest and avoid physical exertion.,
28,Stay hydrated.,Stretch the affected area.,Apply heat or cold.,Rest and relax.,
29,Drink more water.,Avoid dehydration.,Consult a healthcare provider.,Monitor for other symptoms.,
30,Keep skin moisturized.,Avoid irritants.,Use hypoallergenic products.,Consult a dermatologist if needed.,
31,Drink plenty of fluids.,Avoid dairy products.,Eat bland foods.,Rest and stay hydrated.,
32,Sit or lie down until it passes.,Avoid sudden movements.,Stay hydrated.,Eat regular meals.,
33,Sip water frequently.,Chew sugar-free gum.,Avoid caffeine and alcohol.,Use a humidifier.,
34,Moisturize regularly.,Avoid hot showers.,Drink plenty of water.,Use gentle skin care products.,
35,Get enough sleep.,Avoid heavy meals.,Take short naps.,Limit caffeine intake.,
36,Apply a warm compress.,Avoid inserting objects into the ear.,Take over-the-counter pain relief.,Consult a doctor if it persists.,
37,Use fragrance-free moisturizers.,Avoid harsh soaps.,Wear soft fabrics.,Consult a dermatologist if needed.,
38,Elevate the affected area.,Reduce salt intake.,Stay active.,Wear compression garments if advised.,
39,Stay hydrated.,Wear breathable fabrics.,Use antiperspirants.,Consult a doctor if severe.,
40,Sit or lie down.,Elevate your legs.,Stay hydrated.,Avoid sudden movements.,
41,Get enough sleep.,Maintain a healthy diet.,Exercise regularly.,Stay hydrated.,
42,Avoid gas-producing foods.,Eat slowly.,Stay hydrated.,Exercise regularly.,
43,Rest and sleep.,Drink plenty of fluids.,Take over-the-counter medications.,Avoid close contact with others.,
44,Keep the affected area clean and dry.,Use antifungal creams.,Wear breathable fabrics.,Consult a doctor if it persists.,
45,Brush and floss regularly.,Use an antibacterial mouthwash.,Avoid tobacco.,Consult a dentist.,
46,Use gentle hair care products.,Avoid tight hairstyles.,Maintain a healthy diet.,Consult a doctor if severe.,
47,Rest in a quiet, dark room.,Apply a cold or warm compress.,Stay hydrated.,Take over-the-counter pain relief.
48,Avoid loud noises.,Use ear protection.,Keep ears clean.,Consult a healthcare provider.,
49,Practice relaxation techniques.,Avoid caffeine and alcohol.,Stay hydrated.,Consult a doctor if frequent.,
50,Avoid spicy and fatty foods.,Eat smaller meals.,Stay upright after eating.,Take antacids if needed.,
51,Use over-the-counter creams.,Eat high-fiber foods.,Stay hydrated.,Avoid straining during bowel movements.,
52,Drink a glass of water quickly.,Hold your breath for a few seconds.,Gargle with water.,Breathe into a paper bag.,
53,Reduce salt intake.,Exercise regularly.,Maintain a healthy weight.,Follow your doctor's advice.,
54,Maintain a healthy diet.,Exercise regularly.,Avoid trans fats.,Follow your doctor's advice.,
55,Rest your voice.,Stay hydrated.,Avoid irritants like smoke.,Use a humidifier.,
56,Increase salt intake.,Drink more water.,Avoid alcohol.,Consult a healthcare provider.,
57,Eat smaller meals.,Avoid spicy foods.,Stay upright after eating.,Take over-the-counter antacids.,
58,Maintain a regular sleep schedule.,Avoid caffeine before bed.,Create a relaxing bedtime routine.,Limit screen time before sleep.,
59,Use moisturizing lotion.,Avoid hot showers.,Wear loose clothing.,Use over-the-counter anti-itch creams.,
60,Consult a healthcare provider.,Avoid alcohol.,Maintain a healthy diet.,Stay hydrated.,
61,Apply heat or cold.,Exercise regularly.,Maintain a healthy weight.,Take over-the-counter pain relief.,
62,Get enough sleep.,Maintain a balanced diet.,Exercise regularly.,Stay hydrated.,
63,Sit or lie down until it passes.,Avoid sudden movements.,Stay hydrated.,Eat regular meals.,
64,Increase salt intake.,Drink more water.,Avoid alcohol.,Consult a healthcare provider.,
65,Get enough sleep.,Maintain a balanced diet.,Exercise regularly.,Stay hydrated.,
66,Drink plenty of fluids.,Rest and sleep.,Take over-the-counter fever reducers.,Stay cool with a damp cloth.,
67,Stay calm and relaxed.,Avoid irritants like smoke.,Drink warm liquids.,Consult a healthcare provider.,
68,Apply a warm compress.,Stay hydrated.,Rest and sleep.,Consult a healthcare provider if it persists.,
69,Maintain a balanced diet.,Take prescribed supplements.,Consult a healthcare provider.,Monitor your weight regularly.,
70,Stay mentally active.,Maintain a healthy diet.,Exercise regularly.,Get enough sleep.,
71,Maintain a healthy weight.,Exercise regularly.,Manage stress.,Consult a healthcare provider.,
72,Stay hydrated.,Stretch the affected muscles.,Apply heat or cold.,Rest and relax.,
73,Apply a cold or warm compress.,Do gentle stretches.,Take over-the-counter pain relief.,Rest and relax.,
74,Use saline nasal spray.,Stay hydrated.,Use a humidifier.,Avoid irritants.,
75,Drink clear fluids.,Eat small, bland meals.,Avoid strong odors.,Rest and relax.
76,Practice deep breathing.,Exercise regularly.,Avoid caffeine.,Talk to someone you trust.,
77,Keep the room cool.,Wear breathable clothing.,Stay hydrated.,Avoid spicy foods and alcohol.,
78,Try small, frequent meals.,Stay hydrated.,Avoid strong odors.,Consult a healthcare provider if it persists.
79,Stay calm.,Use a humidifier.,Avoid irritants like smoke.,Consult a healthcare provider.,
80,Move and stretch the affected area.,Avoid sitting or standing for long periods.,Stay hydrated.,Consult a healthcare provider if it persists.,
81,Practice relaxation techniques.,Avoid caffeine and alcohol.,Stay hydrated.,Consult a doctor if frequent.,
82,Seek immediate medical attention.,Ensure safety and comfort.,Assist with mobility as needed.,Consult a healthcare provider.,
83,Drink warm fluids.,Use cough drops or syrup.,Avoid irritants like smoke.,Consult a healthcare provider if it persists.,
84,Stay hydrated.,Use a humidifier.,Avoid dairy products.,Take expectorants if prescribed.,
85,Exercise regularly.,Avoid tight clothing.,Stay hydrated.,Elevate your legs when resting.,
86,Drink plenty of fluids.,Use a saline nasal spray.,Avoid allergens.,Consult a healthcare provider if it persists.,
87,Stay hydrated.,Wear breathable fabrics.,Use antiperspirants.,Consult a doctor if severe.,
88,Apply a cool compress.,Avoid irritants.,Use soothing creams.,Consult a dermatologist if it persists.,
89,Stretch your legs regularly.,Avoid caffeine and alcohol.,Practice relaxation techniques.,Consult a healthcare provider if it persists.,
90,Use a saline nasal spray.,Stay hydrated.,Use tissues gently.,Avoid allergens.,
91,Rest in a quiet, dark room.,Apply a cold or warm compress.,Stay hydrated.,Take over-the-counter pain relief.
92,Sit up straight.,Use a prescribed inhaler.,Avoid smoke and pollutants.,Practice deep breathing exercises.,
93,Keep the area clean and dry.,Avoid scratching.,Use over-the-counter creams.,Consult a dermatologist if it persists.,
94,Drink warm liquids.,Gargle with salt water.,Use throat lozenges.,Rest your voice.,
95,Stretch the affected muscles.,Stay hydrated.,Apply heat or cold.,Rest and relax.,
96,Monitor your diet.,Exercise regularly.,Reduce salt intake.,Consult a healthcare provider.,
97,Maintain a balanced diet.,Eat small, frequent meals.,Stay hydrated.,Consult a healthcare provider.
98,Elevate the affected area.,Apply a cold compress.,Reduce salt intake.,Consult a healthcare provider.,
99,Use a mouth guard.,Practice stress management.,Avoid chewing gum.,Consult a dentist.,
100,Drink plenty of water.,Avoid sugary drinks.,Eat hydrating foods.,Monitor your fluid intake.,
101,Stay hydrated.,Avoid irritants like smoke.,Use throat lozenges.,Consult a healthcare provider if it persists.,
102,Move and stretch the affected area.,Avoid prolonged pressure.,Stay hydrated.,Consult a healthcare provider if it persists.,
103,Avoid loud noises.,Use white noise machines.,Reduce caffeine and alcohol.,Consult an audiologist.,
104,Brush and floss regularly.,Avoid sugary foods.,Use over-the-counter pain relief.,Consult a dentist.,
105,Practice relaxation techniques.,Avoid caffeine and alcohol.,Stay hydrated.,Consult a healthcare provider if persistent.,
106,Avoid spicy and acidic foods.,Eat small, frequent meals.,Take prescribed medications.,Consult a healthcare provider.
107,Use assistive devices.,Exercise regularly.,Avoid slippery surfaces.,Consult a healthcare provider.,
108,Drink clear fluids.,Eat bland foods.,Avoid greasy and spicy foods.,Rest and relax.,
109,Stay hydrated.,Avoid caffeine and alcohol.,Practice pelvic floor exercises.,Consult a healthcare provider.,
110,Stay hydrated.,Avoid sudden movements.,Use vestibular exercises.,Consult a healthcare provider.,
111,Rest your eyes regularly.,Ensure proper lighting.,Use corrective lenses if needed.,Consult an eye specialist.,
112,Stay hydrated.,Eat small, bland meals.,Avoid strong odors.,Rest and avoid physical exertion.
113,Use lubricating eye drops.,Avoid allergens.,Rest your eyes.,Consult an eye specialist if it persists.,
114,Stay hydrated.,Maintain a balanced diet.,Get enough rest.,Consult a healthcare provider if it persists.,
115,Monitor your diet.,Exercise regularly.,Stay hydrated.,Consult a healthcare provider if it persists.,
116,Maintain a balanced diet.,Eat small, frequent meals.,Stay hydrated.,Consult a healthcare provider if it persists.
117,Use a prescribed inhaler.,Avoid smoke and pollutants.,Stay hydrated.,Consult a healthcare provider if it persists.,
118,Consult a healthcare provider.,Avoid alcohol.,Maintain a healthy diet.,Stay hydrated.,
119,Consult a healthcare provider immediately.,Avoid blood thinners if not prescribed.,Stay hydrated.,Monitor for other symptoms.,
120,Seek immediate medical attention.,Ensure safety and comfort.,Avoid restraining the person.,Consult a healthcare provider.,
121,Avoid spicy and fatty foods.,Eat smaller meals.,Stay upright after eating.,Take antacids if needed.,
122,Practice deep breathing.,Engage in calming activities.,Avoid caffeine.,Talk to someone you trust.,
123,Practice grounding techniques.,Breathe deeply and slowly.,Avoid caffeine.,Seek support from a healthcare provider.,
124,Try small, frequent meals.,Stay hydrated.,Avoid strong-smelling foods.,Consult a healthcare provider if it persists.
125,Rest the affected arm.,Apply a cold or warm compress.,Avoid heavy lifting.,Consult a healthcare provider if it persists.,
126,Create a structured routine.,Minimize distractions.,Take regular breaks.,Consult a healthcare provider.,
127,Seek immediate medical attention.,Stay hydrated.,Monitor for other symptoms.,Consult a healthcare provider.,
128,Dress warmly.,Drink warm beverages.,Rest in a warm place.,Stay hydrated.,
129,Take over-the-counter pain relief.,Apply heat or cold therapy.,Rest and avoid heavy activities.,Consult a healthcare provider if it persists.,
130,Sit up straight.,Practice deep breathing.,Avoid smoke and pollutants.,Consult a healthcare provider if it persists.,
131,Use a prescribed inhaler.,Avoid triggers.,Stay hydrated.,Consult a healthcare provider if it persists.,
132,Protect the affected area.,Avoid heavy activities.,Use a cold compress.,Consult a healthcare provider if it persists.,
133,Use lubricating eye drops.,Avoid irritants like smoke.,Rest your eyes.,Consult an eye specialist if it persists.,
134,Drink plenty of water.,Avoid caffeine and alcohol.,Consult a healthcare provider.,Take prescribed medications.,
135,Stay hydrated.,Use a humidifier.,Avoid irritants like smoke.,Consult a healthcare provider.,
136,Get enough rest.,Maintain a balanced diet.,Exercise regularly.,Consult a healthcare provider.,
137,Stay hydrated.,Wear breathable clothing.,Practice relaxation techniques.,Consult a healthcare provider if it persists.,
138,Dress warmly.,Stay active.,Consume warm foods and drinks.,Consult a healthcare provider if it persists.,
139,Stay hydrated.,Avoid trigger foods.,Follow a balanced diet.,Consult a healthcare provider.,
140,Stay hydrated.,Get enough rest.,Create a structured routine.,Consult a healthcare provider if it persists.,
141,Practice balance exercises.,Ensure safety in your environment.,Avoid slippery surfaces.,Consult a healthcare provider.,
142,Stay hydrated.,Use a humidifier.,Avoid irritants.,Consult a healthcare provider.,
143,Drink warm fluids.,Use cough drops or syrup.,Avoid irritants like smoke.,Consult a healthcare provider if it persists.,
144,Use moisturizing lotion.,Avoid hot showers.,Wear gloves in cold weather.,Consult a dermatologist if it persists.,
145,Get enough sleep.,Stay hydrated.,Use cold compresses.,Consult a dermatologist if it persists.,
146,Seek immediate medical attention.,Stay hydrated.,Monitor for other symptoms.,Consult a healthcare provider.,
147,Brush and floss regularly.,Avoid sugary foods.,Use over-the-counter pain relief.,Consult a dentist.,
148,Seek support from a mental health professional.,Stay active.,Maintain a balanced diet.,Engage in enjoyable activities.,
149,Monitor blood sugar levels.,Maintain a balanced diet.,Stay active.,Consult a healthcare provider.,
150,Sit up straight.,Practice deep breathing.,Use a prescribed inhaler.,Consult a healthcare provider if it persists.,
151,Minimize distractions.,Take regular breaks.,Stay hydrated.,Consult a healthcare provider if it persists.,
152,Maintain a regular sleep schedule.,Avoid caffeine before bed.,Create a relaxing bedtime routine.,Limit screen time before sleep.,
153,Keep nails clean and dry.,Avoid harsh chemicals.,Use moisturizing lotion.,Consult a dermatologist if it persists.,
154,Stay hydrated.,Get enough rest.,Create a structured routine.,Consult a healthcare provider if it persists.,
155,Use lubricating eye drops.,Avoid prolonged screen time.,Stay hydrated.,Consult an eye specialist if it persists.,
156,Use moisturizing shampoo.,Avoid hot showers.,Stay hydrated.,Consult a dermatologist if it persists.,
157,Stay hydrated.,Rest and sleep.,Avoid irritants.,Consult a healthcare provider if it persists.,
158,Maintain a healthy diet.,Exercise regularly.,Avoid smoking and alcohol.,Consult a healthcare provider.,
159,Stay hydrated.,Monitor fluid intake.,Avoid caffeine and alcohol.,Consult a healthcare provider if it persists.,
160,Drink plenty of water.,Avoid sugary drinks.,Monitor your fluid intake.,Consult a healthcare provider if it persists.,
161,Rest in a quiet, dark room.,Apply a cold or warm compress.,Stay hydrated.,Take over-the-counter pain relief.
162,Keep the affected area clean and dry.,Use antifungal creams.,Wear breathable fabrics.,Consult a doctor if it persists.,
163,Avoid spicy and fatty foods.,Eat smaller meals.,Stay upright after eating.,Consult a healthcare provider if it persists.,
164,Stay hydrated.,Maintain a balanced diet.,Get enough rest.,Consult a healthcare provider if it persists.,
165,Sit or lie down until it passes.,Avoid sudden movements.,Stay hydrated.,Eat regular meals.,
166,Brush and floss regularly.,Use an antibacterial mouthwash.,Avoid tobacco.,Consult a dentist.,
167,Use gentle hair care products.,Avoid tight hairstyles.,Maintain a healthy diet.,Consult a doctor if severe.,
168,Brush and floss regularly.,Use mouthwash.,Stay hydrated.,Consult a dentist if it persists.,
169,Practice relaxation techniques.,Avoid caffeine and alcohol.,Stay hydrated.,Consult a healthcare provider if persistent.,
170,Stay hydrated.,Use a humidifier.,Avoid irritants.,Consult a healthcare provider if it persists.,
171,Practice relaxation techniques.,Avoid caffeine and alcohol.,Stay hydrated.,Consult a doctor if frequent.,
172,Sit or lie down.,Take slow, deep breaths.,Avoid strenuous activities.,Seek medical attention if pain persists.
173,Avoid known allergens.,Take an antihistamine.,Apply a cool compress.,Consult a healthcare provider if it persists.,
174,Rest your voice.,Stay hydrated.,Avoid irritants like smoke.,Use a humidifier.,
175,Identify and avoid triggers.,Use hypoallergenic products.,Stay hydrated.,Consult a healthcare provider if it persists.,
176,Practice balance exercises.,Ensure safety in your environment.,Avoid slippery surfaces.,Consult a healthcare provider.,
177,Minimize distractions.,Take regular breaks.,Stay hydrated.,Consult a healthcare provider if it persists.,
178,Stay mentally active.,Maintain a healthy diet.,Exercise regularly.,Get enough sleep.,
179,Apply a cold compress.,Rest the affected area.,Take anti-inflammatory medications.,Consult a healthcare provider.,
180,Stay hydrated.,Avoid dairy and fatty foods.,Eat small, frequent meals.,Consult a healthcare provider if it persists.
181,Use lubricating eye drops.,Avoid allergens.,Rest your eyes.,Consult an eye specialist if it persists.,
182,Use medicated shampoo.,Avoid harsh hair products.,Stay hydrated.,Consult a dermatologist if it persists.,
183,Use moisturizing lotion.,Avoid hot showers.,Wear loose clothing.,Consult a dermatologist if it persists.,
184,Stay active.,Apply heat or cold therapy.,Do gentle stretching exercises.,Consult a healthcare provider.,
185,Rest and elevate the knee.,Apply ice or heat.,Wear a knee brace if needed.,Consult a healthcare provider if it persists.,
186,Avoid dairy products.,Use lactose-free alternatives.,Take lactase supplements.,Consult a healthcare provider.,
187,Stay hydrated.,Avoid sudden movements.,Eat regular meals.,Sit or lie down until it passes.,
188,Practice balance exercises.,Ensure safety in your environment.,Avoid slippery surfaces.,Consult a healthcare provider.,
189,Minimize distractions.,Take regular breaks.,Stay hydrated.,Consult a healthcare provider if it persists.,
190,Stay hydrated.,Avoid smoking.,Practice good oral hygiene.,Consult a healthcare provider if it persists.,
191,Stay hydrated.,Avoid touching the lump.,Monitor for changes.,Consult a healthcare provider.,
192,Stay hydrated.,Rest and sleep.,Avoid irritants.,Consult a healthcare provider if it persists.,
193,Get enough rest.,Stay hydrated.,Take breaks during mental tasks.,Engage in relaxing activities.,
194,Apply a cold or warm compress.,Do gentle stretching exercises.,Take over-the-counter pain relief.,Rest and relax.,
195,Stay active.,Apply heat or cold therapy.,Do gentle stretching exercises.,Consult a healthcare provider.,
196,Stay hydrated.,Maintain a balanced diet.,Get enough rest.,Consult a healthcare provider if it persists.,
197,Apply a cold or warm compress.,Do gentle neck stretches.,Maintain good posture.,Consult a healthcare provider if it persists.,
198,Apply a cold or warm compress.,Practice gentle stretching.,Avoid heavy lifting.,Consult a healthcare provider.,
199,Create a relaxing bedtime routine.,Avoid caffeine and sugar before bed.,Ensure a safe sleeping environment.,Consult a healthcare provider if it persists.,
200,Limit fluid intake before bed.,Avoid caffeine and alcohol.,Empty your bladder before sleeping.,Consult a healthcare provider if it persists.,
201,Pinch your nose and lean forward.,Apply a cold compress.,Keep your head elevated.,Avoid picking your nose.,
202,Drink plenty of water.,Move to a cooler place.,Wear light clothing.,Avoid strenuous activities.,
203,Drink plenty of water.,Avoid caffeine and alcohol.,Consult a healthcare provider.,Take prescribed medications.,
204,Get enough rest.,Maintain a balanced diet.,Exercise regularly.,Consult a healthcare provider.,
205,Practice relaxation techniques.,Engage in physical therapy.,Use pain management strategies.,Consult a healthcare provider.,
206,Practice deep breathing.,Avoid caffeine and alcohol.,Stay hydrated.,Consult a healthcare provider if it persists.,
207,Keep the area clean and dry.,Avoid scratching.,Use over-the-counter creams.,Consult a dermatologist if it persists.,
208,Maintain a regular sleep schedule.,Create a relaxing bedtime routine.,Avoid caffeine before bed.,Limit screen time before sleep.,
209,Use gentle hair care products.,Avoid hot showers.,Stay hydrated.,Consult a dermatologist if it persists.,
210,Drink warm liquids.,Gargle with salt water.,Use throat lozenges.,Rest your voice.,
211,Rest in a quiet, dark room.,Apply a cold or warm compress.,Stay hydrated.,Take over-the-counter pain relief.
212,Stay hydrated.,Eat regular meals.,Avoid caffeine and alcohol.,Consult a healthcare provider if it persists.,
213,Dress warmly.,Drink warm beverages.,Stay in a warm place.,Stay hydrated.,
214,Use soothing lotions.,Avoid irritants.,Keep the area clean and dry.,Consult a dermatologist if it persists.,
215,Stay calm and relaxed.,Avoid alcohol.,Stay hydrated.,Consult a healthcare provider if it persists.,
216,Use a tissue or your elbow.,Stay hydrated.,Avoid allergens.,Consult a healthcare provider if it persists.,
217,Apply a cold or warm compress.,Do gentle stretching exercises.,Stay hydrated.,Rest and relax.,
218,Seek immediate medical attention.,Avoid smoking.,Stay hydrated.,Rest and avoid physical exertion.,
219,Stay hydrated.,Avoid dairy and fatty foods.,Eat small, frequent meals.,Consult a healthcare provider if it persists.
220,Drink plenty of water.,Avoid spicy foods.,Rest and relax.,Apply a warm compress.,
221,Stay hydrated.,Avoid dairy and fatty foods.,Eat small, frequent meals.,Consult a healthcare provider if it persists.
222,Use a saline nasal spray.,Stay hydrated.,Use a humidifier.,Avoid allergens.,
223,Sit or lie down until it passes.,Avoid sudden movements.,Stay hydrated.,Eat regular meals.,
224,Stay hydrated.,Eat soft foods.,Avoid irritants.,Consult a healthcare provider if it persists.,
225,Apply a warm compress.,Stay hydrated.,Rest and sleep.,Consult a healthcare provider if it persists.,
226,Apply a warm compress.,Stay hydrated.,Rest and sleep.,Consult a healthcare provider if it persists.,
227,Practice relaxation techniques.,Avoid caffeine and alcohol.,Stay hydrated.,Consult a healthcare provider if it persists.,
228,Dress appropriately for the weather.,Stay hydrated.,Avoid extreme temperatures.,Consult a healthcare provider if it persists.,
229,Drink warm liquids.,Gargle with salt water.,Use throat lozenges.,Avoid irritants like smoke.,
230,Move and stretch the affected area.,Avoid prolonged pressure.,Stay hydrated.,Consult a healthcare provider if it persists.,
231,Use toothpaste for sensitive teeth.,Avoid very hot or cold foods.,Brush and floss regularly.,Consult a dentist.,
232,Practice relaxation techniques.,Avoid caffeine and alcohol.,Stay hydrated.,Consult a healthcare provider if persistent.,
233,Sit up straight.,Use a prescribed inhaler.,Avoid smoke and pollutants.,Consult a healthcare provider if it persists.,
234,Brush and floss gently.,Use an antibacterial mouthwash.,Avoid spicy and acidic foods.,Consult a dentist if it persists.,
235,Shower regularly.,Use antiperspirant.,Wear breathable fabrics.,Consult a healthcare provider if it persists.,
236,Apply a cold compress.,Elevate the affected area.,Avoid heavy activities.,Consult a healthcare provider if it persists.,
237,Stay hydrated.,Avoid caffeine and alcohol.,Practice pelvic floor exercises.,Consult a healthcare provider if it persists.,
238,Practice pelvic floor exercises.,Stay hydrated.,Avoid caffeine and alcohol.,Consult a healthcare provider.,
239,Drink plenty of water.,Avoid caffeine and alcohol.,Consult a healthcare provider.,Take prescribed medications.,
240,Rest your eyes regularly.,Ensure proper lighting.,Use corrective lenses if needed.,Consult an eye specialist.,
241,Rest your voice.,Stay hydrated.,Avoid irritants like smoke.,Use a humidifier.,
242,Maintain a balanced diet.,Exercise regularly.,Monitor your weight.,Consult a healthcare provider if it persists.,
243,Stay hydrated.,Maintain a balanced diet.,Get enough rest.,Consult a healthcare provider if it persists.,
244,Use a prescribed inhaler.,Avoid irritants like smoke.,Stay hydrated.,Consult a healthcare provider.,
245,Gargle with salt water.,Stay hydrated.,Avoid irritants.,Consult a healthcare provider if it persists.,
246,Use moisturizing lotion.,Avoid prolonged sun exposure.,Stay hydrated.,Consult a dermatologist if it persists.,
247,Ensure you're getting enough rest.,Stay hydrated.,Avoid boring activities.,Consult a healthcare provider if it persists.,
248,Consult a healthcare provider.,Avoid alcohol.,Maintain a healthy diet.,Stay hydrated.,
249,Keep nails clean and dry.,Avoid harsh chemicals.,Use moisturizing lotion.,Consult a dermatologist if it persists.,
250,Wash your face gently.,Avoid touching your face.,Use oil-free products.,Stay hydrated.,
251,Take a warm bath.,Use over-the-counter pain relievers.,Get plenty of rest.,Stay hydrated.,
252,Drink water.,Avoid spicy and acidic foods.,Brush your teeth regularly.,Consult a healthcare provider if it persists.,
253,Take prescribed medications.,Stay hydrated.,Maintain a balanced diet.,Consult a healthcare provider.,
254,Use gentle hair care products.,Avoid tight hairstyles.,Maintain a healthy diet.,Consult a dermatologist.,
255,Seek immediate medical attention.,Avoid eating or drinking.,Rest and avoid physical exertion.,Consult a healthcare provider.,
256,Practice relaxation techniques.,Avoid heavy lifting.,Stay hydrated.,Consult a healthcare provider.,
257,Use corrective lenses as prescribed.,Ensure proper lighting while reading.,Take regular breaks from screens.,Consult an eye specialist.,
258,Practice relaxation techniques.,Stay hydrated.,Maintain a balanced diet.,Consult a healthcare provider.,
259,Take prescribed antibiotics.,Stay hydrated.,Rest and avoid physical exertion.,Consult a healthcare provider.,
260,Brush and floss gently.,Use an antibacterial mouthwash.,Avoid tobacco.,Consult a dentist.,
261,Monitor your blood pressure regularly.,Stay hydrated.,,,
262,Include calcium-rich foods in your diet.,Get regular weight-bearing exercise.,Avoid smoking and excessive alcohol.,Consult a healthcare provider.,
263,Seek immediate medical attention.,Avoid solid foods.,Stay hydrated.,Monitor for symptoms.,
264,Immobilize the affected area.,Apply ice packs.,Avoid putting weight on the injury.,Consult a healthcare provider.,
265,Soak your feet in cool water.,Avoid tight shoes.,Use over-the-counter creams.,Stay hydrated.,
266,Avoid spicy and acidic foods.,Drink cool liquids.,Use soothing mouthwashes.,Consult a healthcare provider if it persists.,
267,Rest the affected joint.,Apply ice packs.,Take over-the-counter anti-inflammatory medications.,Consult a healthcare provider if it persists.,
268,Keep the affected area clean.,Apply warm compresses.,Take prescribed antibiotics.,Consult a healthcare provider if it persists.,
269,Rest in a comfortable position.,Avoid strenuous activities.,Stay calm and breathe slowly.,Seek medical attention if pain persists.,
270,Stay hydrated.,Use a humidifier.,Avoid irritants like smoke.,Consult a healthcare provider if it persists.,
271,Stay hydrated.,Avoid dairy and fatty foods.,Eat small, frequent meals.,Consult a healthcare provider if it persists.
272,Include anti-inflammatory foods in your diet.,Exercise regularly.,Avoid smoking and excessive alcohol.,Consult a healthcare provider.,
273,Use a saline nasal spray.,Stay hydrated.,Use a humidifier.,Consult a healthcare provider if it persists.,
274,Wear warm gloves and socks.,Stay active to improve circulation.,Avoid exposure to cold.,Consult a healthcare provider if it persists.,
275,Practice balance exercises.,Ensure safety in your environment.,Avoid slippery surfaces.,Consult a healthcare provider.,
276,Use moisturizing lip balm.,Avoid licking your lips.,Stay hydrated.,Use a humidifier.,
277,Seek immediate medical attention.,Keep warm to improve circulation.,Avoid smoking and cold environments.,Monitor for symptoms.,
278,Use anti-dandruff shampoo.,Avoid harsh hair products.,Stay hydrated.,Consult a dermatologist if it persists.,
279,Get enough sleep.,Stay hydrated.,Use cold compresses.,Consult a dermatologist if it persists.,
280,Stay mentally active.,Maintain a healthy diet.,Exercise regularly.,Consult a healthcare provider.,
281,Monitor blood sugar levels.,Maintain a balanced diet.,Stay active.,Consult a healthcare provider.,
282,Stay hydrated.,Eat soft foods.,Avoid large meals.,Consult a healthcare provider if it persists.,
283,Rest your eyes.,Ensure proper lighting.,Use corrective lenses if needed.,Consult an eye specialist.,
284,Stay hydrated.,Use a humidifier.,Avoid irritants like smoke.,Consult a healthcare provider if it persists.,
285,Consult a healthcare provider.,Follow prescribed treatment.,Practice relaxation techniques.,Stay active within limits.,
286,Sit up straight.,Use a prescribed inhaler.,Avoid smoke and pollutants.,Consult a healthcare provider if it persists.,
287,Apply a warm compress.,Avoid inserting objects into the ear.,Take over-the-counter pain relief.,Consult a healthcare provider if it persists.,
288,Stay hydrated.,Consume electrolyte-rich foods and drinks.,Avoid excessive sweating.,Consult a healthcare provider.,
289,Practice relaxation techniques.,Talk to someone you trust.,Stay active.,Seek support from a mental health professional.,
290,Stay hydrated.,Avoid caffeine and alcohol.,Practice pelvic floor exercises.,Consult a healthcare provider.,
291,Ensure a safe environment.,Follow prescribed treatment.,Avoid flashing lights.,Consult a healthcare provider.,
292,Stay hydrated.,Chew sugar-free gum.,Avoid spicy and acidic foods.,Consult a healthcare provider.,
293,Use lubricating eye drops.,Avoid allergens and irritants.,Rest your eyes.,Consult an eye specialist if it persists.,
294,Apply a cold or warm compress.,Take over-the-counter pain relief.,Rest and avoid strenuous activities.,Consult a healthcare provider if it persists.,
295,Use moisturizing lotion.,Avoid hot showers.,Wear loose clothing.,Consult a dermatologist if it persists.,
296,Identify and avoid trigger foods.,Eat small, frequent meals.,Stay hydrated.,Consult a healthcare provider.
297,Stay hydrated.,Get enough rest.,Practice good hygiene.,Consult a healthcare provider if it persists.,
298,Stay hydrated.,Avoid fatty foods.,Eat small, frequent meals.,Consult a healthcare provider if it persists.
299,Stay hydrated.,Eat a balanced diet.,Avoid trigger foods.,Consult a healthcare provider.,
300,Keep the area clean and dry.,Avoid irritants.,Use soothing creams.,Consult a healthcare provider if it persists.,
301,Maintain a healthy diet.,Exercise regularly.,Avoid smoking and excessive alcohol.,Consult a healthcare provider.,
302,Monitor blood sugar levels.,Limit intake of sugary foods.,Stay hydrated.,Consult a healthcare provider.,
303,Reduce salt intake.,Exercise regularly.,Maintain a healthy weight.,Consult a healthcare provider.,
304,Monitor blood sugar levels.,Eat small, frequent meals.,Keep a fast-acting carbohydrate with you.,Consult a healthcare provider.
305,Practice pelvic floor exercises.,Limit caffeine and alcohol.,Maintain a healthy weight.,Consult a healthcare provider.,
306,Apply a cold compress.,Elevate the affected area.,Take anti-inflammatory medications.,Consult a healthcare provider.,
307,Stay hydrated.,Avoid irritants like smoke.,Use a humidifier.,Consult a healthcare provider if it persists.,
308,Sit or lie down until it passes.,Avoid sudden movements.,Stay hydrated.,Eat regular meals.,
309,Stay hydrated.,Avoid alcohol.,Maintain a healthy diet.,Consult a healthcare provider.,
310,Stay hydrated.,Avoid smoking.,Practice good nasal hygiene.,Consult a healthcare provider if it persists.,
311,Stay hydrated.,Take prescribed medications.,Avoid smoking and pollutants.,Consult a healthcare provider.,
312,Apply a warm compress.,Stay hydrated.,Rest and avoid strenuous activities.,Consult a healthcare provider if it persists.,
313,Stay hydrated.,Get enough rest.,Maintain a balanced diet.,Consult a healthcare provider if it persists.,
314,Apply a warm compress to the abdomen.,Stay hydrated.,Avoid caffeine and alcohol.,Consult a healthcare provider if severe.,
315,Rest in a quiet, dark room.,Apply a cold or warm compress.,Stay hydrated.,Take prescribed medications.
316,Keep nails clean and dry.,Avoid harsh chemicals.,Use moisturizing lotion.,Consult a healthcare provider if it persists.,
317,Keep the affected area clean and dry.,Apply an antibiotic ointment.,Avoid irritants.,Consult a healthcare provider.,
318,Stay hydrated.,Avoid sudden movements.,Wear compression garments if advised.,Consult a healthcare provider.,
319,Include calcium and vitamin D in your diet.,Get regular weight-bearing exercise.,Avoid smoking and excessive alcohol.,Consult a healthcare provider.,
320,Apply a cold or warm compress.,Do gentle stretching exercises.,Take over-the-counter pain relief.,Consult a healthcare provider.,
321,Practice deep breathing exercises.,Engage in regular physical activity.,Avoid caffeine and alcohol.,Consult a mental health professional.,
322,Ensure proper lighting.,Use corrective lenses if needed.,Practice good eye hygiene.,Consult an eye specialist.,
323,Use moisturizing lotion.,Avoid hot showers.,Wear loose clothing.,Consult a dermatologist if it persists.,
324,Maintain a healthy diet.,Exercise regularly.,Avoid smoking and excessive alcohol.,Consult a healthcare provider.,
325,Practice relaxation techniques.,Stay hydrated.,Engage in regular physical activity.,Consult a healthcare provider.,
326,Practice relaxation techniques.,Gradually expose yourself to the fear source.,Seek support from a mental health professional.,Consult a healthcare provider.,
327,Stay hydrated.,Use a saline nasal spray.,Avoid allergens and irritants.,Consult a healthcare provider if it persists.,
328,Practice relaxation techniques.,Communicate with your partner.,Avoid excessive alcohol.,Consult a healthcare provider.,
329,Use moisturizing creams.,Avoid harsh soaps.,Stay hydrated.,Consult a dermatologist if it persists.,
330,Keep warm, especially extremities.,Avoid smoking and caffeine.,Manage stress.,Consult a healthcare provider.
331,Use lubricating eye drops.,Avoid allergens and irritants.,Rest your eyes.,Consult an eye specialist if it persists.,
332,Keep the area clean and dry.,Avoid scratching.,Use soothing creams.,Consult a dermatologist if it persists.,
333,Use moisturizing lotion.,Avoid hot showers.,Wear loose clothing.,Consult a healthcare provider if it persists.,
334,Stay warm.,Drink warm beverages.,Rest and avoid strenuous activities.,Consult a healthcare provider if it persists.,
335,Keep the area clean.,Avoid picking or scratching.,Use soothing lotions.,Consult a dermatologist if it persists.,
336,Keep the area clean and dry.,Avoid irritation.,Use over-the-counter treatments if advised.,Consult a dermatologist if it persists.,
337,Maintain a healthy weight.,Avoid alcohol before bed.,Use a continuous positive airway pressure (CPAP) device.,Consult a healthcare provider.,
338,Maintain a regular sleep schedule.,Avoid caffeine and alcohol before bed.,Create a relaxing bedtime routine.,Consult a healthcare provider if it persists.,
339,Maintain a balanced diet.,Stay hydrated.,Avoid smoking.,Consult a healthcare provider if it persists.,
340,Rinse with salt water.,Avoid spicy and acidic foods.,Apply a topical ointment.,Consult a healthcare provider if it persists.,
341,Apply a cold or warm compress.,Do gentle neck stretches.,Maintain good posture.,Consult a healthcare provider if it persists.,
342,Stay hydrated.,Avoid dairy and fatty foods.,Eat small, frequent meals.,Consult a healthcare provider if it persists.
343,Stay hydrated.,Avoid carbonated drinks.,Eat smaller, more frequent meals.,Include probiotics in your diet.
344,Stay hydrated.,Avoid spicy and fatty foods.,Eat smaller meals.,Consult a healthcare provider if it persists.,
345,Avoid spicy and acidic foods.,Eat smaller meals.,Take prescribed medications.,Consult a healthcare provider.,
346,Practice relaxation techniques.,Speak slowly.,Avoid stressful situations.,Consult a speech therapist.,
347,Elevate the affected area.,Apply a cold compress.,Reduce salt intake.,Consult a healthcare provider.,
348,Seek immediate medical attention.,Avoid irritants.,Stay calm and breathe slowly.,Monitor for symptoms.,
349,Apply a cold compress.,Elevate the affected area.,Take anti-inflammatory medications.,Consult a healthcare provider.,
350,Rest the affected tendon.,Apply ice packs.,Do gentle stretching exercises.,Consult a healthcare provider if it persists.,
351,Keep the area clean and dry.,Apply antibiotic ointment.,Avoid irritants.,Consult a healthcare provider.,
352,Apply a cold compress.,Avoid heavy activities.,Stay hydrated.,Consult a healthcare provider if it persists.,
353,Keep nails clean and dry.,Avoid harsh chemicals.,Use moisturizing lotion.,Maintain a balanced diet.,
354,Rinse with salt water.,Avoid spicy and acidic foods.,Apply a topical ointment.,Consult a healthcare provider if it persists.,
355,Stay hydrated.,Avoid dairy and fatty foods.,Eat small, frequent meals.,Consult a healthcare provider if it persists.
356,Practice relaxation techniques.,Avoid caffeine and alcohol.,Stay hydrated.,Consult a healthcare provider.,
357,Keep the area clean and dry.,Apply warm compresses.,Take prescribed antibiotics.,Consult a healthcare provider.,
358,Maintain a healthy diet.,Get regular exercise.,Manage stress.,Consult a healthcare provider.,
359,Seek immediate medical attention.,Avoid strenuous activities.,Stay calm and breathe slowly.,Monitor for symptoms.,
360,Try small, frequent meals.,Stay hydrated.,Avoid strong-smelling foods.,Consult a healthcare provider if it persists.
361,Use heat or cold therapy.,Exercise regularly.,Maintain a healthy weight.,Take prescribed medications.,
362,Practice balance exercises.,Ensure safety in your environment.,Avoid slippery surfaces.,Consult a healthcare provider.,
363,Practice relaxation techniques.,Avoid caffeine and alcohol.,Stay hydrated.,Consult a healthcare provider.,
364,Maintain a balanced diet.,Exercise regularly.,Avoid stress.,Consult a healthcare provider.,
365,Stay hydrated.,Avoid high-sugar foods.,Eat probiotic-rich foods.,Consult a healthcare provider.,
366,Practice balance exercises.,Ensure safety in your environment.,Avoid slippery surfaces.,Consult a healthcare provider.,
367,Stay hydrated.,Use a humidifier.,Avoid irritants like smoke.,Consult a healthcare provider.,
368,Protect the affected area.,Avoid heavy activities.,Use a cold compress.,Consult a healthcare provider.,
369,Stay hydrated.,Avoid spicy and acidic foods.,Eat small, frequent meals.,Consult a healthcare provider.
370,Follow your treatment plan.,Stay hydrated.,Maintain a balanced diet.,Consult a healthcare provider.,
371,Rest in a comfortable position.,Avoid strenuous activities.,Stay calm and breathe slowly.,Seek medical attention if pain persists.,
372,Stay hydrated.,Take prescribed medications.,Avoid irritants.,Consult a healthcare provider.,
373,Maintain a regular sleep schedule.,Avoid caffeine before bed.,Create a relaxing bedtime routine.,Consult a healthcare provider.,
374,Dress warmly.,Stay active.,Consume warm foods and drinks.,Consult a healthcare provider if it persists.,
375,Seek immediate medical attention.,Avoid strenuous activities.,Stay calm and breathe slowly.,Monitor for symptoms.,
376,Use moisturizing lotion.,Avoid walking barefoot.,Wear comfortable shoes.,Consult a healthcare provider if it persists.,
377,Stay hydrated.,Stretch the affected area.,Apply heat or cold.,Rest and relax.,
378,Drink plenty of water.,Avoid alcohol and caffeine.,Eat hydrating foods.,Monitor your fluid intake.,
379,Keep the area clean.,Rinse with salt water.,Avoid hot or cold foods.,Consult a dentist.,
380,Monitor blood sugar levels.,Maintain a balanced diet.,Stay active.,Consult a healthcare provider.,
381,Stay mentally active.,Maintain a healthy diet.,Exercise regularly.,Get enough sleep.,
382,Use moisturizing lip balm.,Avoid licking your lips.,Stay hydrated.,Use a humidifier.,
383,Keep the ear clean and dry.,Avoid inserting objects into the ear.,Consult a healthcare provider.,Take prescribed medications.,
384,Seek immediate medical attention.,Stay hydrated.,Rest and sleep.,Avoid bright lights and loud noises.,
385,Maintain a healthy diet.,Exercise regularly.,Avoid smoking and alcohol.,Consult a healthcare provider.,
386,Stay hydrated.,Avoid spicy and acidic foods.,Eat small, frequent meals.,Consult a healthcare provider if it persists.
387,Get enough rest.,Stay hydrated.,Maintain a balanced diet.,Consult a healthcare provider if it persists.,
388,Keep the eye clean.,Use lubricating eye drops.,Avoid touching your eyes.,Consult an eye specialist if it persists.,
389,Apply a cold compress.,Stay hydrated.,Avoid irritants.,Consult a healthcare provider if it persists.,
390,Stay hydrated.,Avoid sudden movements.,Sit or lie down until it passes.,Consult a healthcare provider.,
391,Sit or lie down until it passes.,Stay hydrated.,Avoid sudden movements.,Eat regular meals.,
392,Rest and sleep.,Drink plenty of fluids.,Take over-the-counter medications.,Avoid close contact with others.,
393,Stay hydrated.,Avoid caffeine and alcohol.,Practice pelvic floor exercises.,Consult a healthcare provider if it persists.,
394,Stay hydrated.,Avoid spicy and fatty foods.,Eat smaller meals.,Consult a healthcare provider if it persists.,
395,Stay hydrated.,Avoid irritants like alcohol and NSAIDs.,Eat small, frequent meals.,Consult a healthcare provider.
396,Stay hydrated.,Avoid foods that irritate your throat.,Follow your treatment plan.,Consult a healthcare provider.,
397,Rest in a quiet, dark room.,Apply a cold or warm compress.,Stay hydrated.,Take over-the-counter pain relief.
398,Practice relaxation techniques.,Avoid caffeine and alcohol.,Stay hydrated.,Consult a healthcare provider.,
399,Rest your voice.,Stay hydrated.,Avoid irritants like smoke.,Use a humidifier.,
400,Follow your treatment plan.,Maintain a balanced diet.,Stay active.,Consult a healthcare provider.,
401,Follow your prescribed medication regimen.,Maintain a balanced diet.,Exercise regularly.,Consult a healthcare provider.,
402,Maintain a healthy diet.,Exercise regularly.,Avoid smoking and alcohol.,Consult a healthcare provider.,
403,Brush and floss regularly.,Use an antibacterial mouthwash.,Avoid tobacco.,Consult a dentist.,
404,Avoid gas-producing foods.,Eat slowly.,Stay hydrated.,Exercise regularly.,
405,Use over-the-counter ear drops.,Avoid inserting objects into the ear.,Keep ears clean and dry.,Consult a healthcare provider if it persists.,
406,Apply a cold or warm compress.,Exercise regularly.,Maintain a healthy weight.,Take prescribed medications.,
407,Stay hydrated.,Avoid excessive salt and protein.,Follow a balanced diet.,Consult a healthcare provider.,
408,Sit up straight.,Use a prescribed inhaler.,Avoid smoke and pollutants.,Consult a healthcare provider if it persists.,
409,Rest your voice.,Stay hydrated.,Avoid irritants like smoke.,Use a humidifier.,
410,Stay hydrated.,Avoid alcohol.,Maintain a healthy diet.,Consult a healthcare provider.,
411,Get enough rest.,Maintain a balanced diet.,Exercise regularly.,Stay hydrated.,
412,Stay hydrated.,Use a humidifier.,Avoid irritants like smoke.,Consult a healthcare provider if it persists.,
413,Stay hydrated.,Rest and sleep.,Avoid irritants.,Consult a healthcare provider if it persists.,
414,Stay mentally active.,Maintain a healthy diet.,Exercise regularly.,Get enough sleep.,
415,Apply a warm compress to the abdomen.,Stay hydrated.,Avoid caffeine and alcohol.,Consult a healthcare provider if severe.,
416,Maintain a healthy weight.,Exercise regularly.,Manage stress.,Consult a healthcare provider.,
417,Stay active with gentle exercises.,Maintain a balanced diet.,Stay hydrated.,Consult a healthcare provider.,
418,Stay hydrated.,Stretch the affected area.,Apply heat or cold.,Rest and relax.,
419,Stay hydrated.,Stretch the affected area.,Apply heat or cold.,Rest and relax.,
420,Stay hydrated.,Avoid sudden movements.,Wear compression garments if advised.,Consult a healthcare provider.,
421,Stay hydrated.,Avoid dairy and fatty foods.,Eat small, frequent meals.,Consult a healthcare provider if it persists.
422,Practice deep breathing exercises.,Engage in regular physical activity.,Avoid caffeine and alcohol.,Consult a mental health professional.,
423,Ensure proper lighting and minimize background noise.,Use assistive listening devices.,Keep ears clean.,Consult a healthcare provider.,
424,Use gentle hair care products.,Avoid tight hairstyles.,Maintain a healthy diet.,Consult a healthcare provider.,
425,Stay hydrated.,Avoid irritants like smoke.,Use prescribed medications.,Consult a healthcare provider.,
426,Keep the area clean and dry.,Avoid scratching.,Use soothing lotions or creams.,Consult a dermatologist if it persists.,
427,Practice relaxation techniques.,Avoid caffeine and alcohol.,Stay hydrated.,Consult a healthcare provider if it persists.,
428,Keep warm, especially extremities.,Avoid smoking and caffeine.,Manage stress.,Consult a healthcare provider.
429,Practice relaxation techniques.,Stay physically active.,Avoid caffeine.,Create a regular sleep schedule.,
430,Get enough rest.,Maintain a balanced diet.,Exercise regularly.,Consult a healthcare provider if it persists.,
431,Practice relaxation techniques.,Avoid caffeine and alcohol.,Stay hydrated.,Consult a healthcare provider if persistent.,
432,Use a saline nasal spray.,Stay hydrated.,Use a humidifier.,Consult a healthcare provider if it persists.,
433,Use moisturizing lotion.,Avoid hot showers.,Stay hydrated.,Use gentle skin care products.,
434,Keep the area clean and dry.,Apply antibiotic ointment.,Avoid irritants.,Consult a healthcare provider if it persists.,
435,Keep the area clean and dry.,Apply antibiotic ointment.,Avoid irritants.,Consult a healthcare provider if it persists.,
436,Rinse with salt water.,Avoid spicy and acidic foods.,Apply a topical ointment.,Consult a healthcare provider if it persists.,
437,Stay hydrated.,Avoid carbonated drinks.,Eat smaller meals.,Consult a healthcare provider if it persists.,
438,Stay hydrated.,Avoid carbonated drinks.,Eat smaller meals.,Consult a healthcare provider if it persists.,
439,Elevate the affected area.,Apply a cold compress.,Reduce salt intake.,Consult a healthcare provider.,
440,Sit up straight.,Use a prescribed inhaler.,Avoid smoke and pollutants.,Consult a healthcare provider if it persists.,
441,Apply a cold or warm compress.,Avoid heavy lifting.,Rest and take it easy.,Consult a healthcare provider if it persists.,
442,Brush and floss regularly.,Use fluoride toothpaste.,Avoid sugary foods.,Consult a dentist.,
443,Brush and floss regularly.,Avoid sugary foods.,Use over-the-counter pain relief.,Consult a dentist.,
444,Stay hydrated.,Avoid trigger foods.,Follow a balanced diet.,Consult a healthcare provider.,
445,Maintain a balanced diet.,Eat small, frequent meals.,Stay hydrated.,Consult a healthcare provider.
446,Stay hydrated.,Avoid caffeine and alcohol.,Practice pelvic floor exercises.,Consult a healthcare provider.,
447,Stay hydrated.,Maintain a balanced diet.,Get enough rest.,Consult a healthcare provider if it persists.,
448,Consult a healthcare provider.,Avoid alcohol.,Maintain a healthy diet.,Stay hydrated.,
449,Rest and sleep.,Drink plenty of fluids.,Take over-the-counter medications.,Avoid close contact with others.,
